market,channel,week,icc_dcfs,sessions,spend
CANADA,Paid Search,2025-01,0.0,,0.0
CANADA,Paid Search,2025-02,1.0,,0.0
CANADA,Paid Search,2025-03,1.0,,0.0
CANADA,Paid Search,2025-04,8.0,,23984.192279591836
CANADA,Paid Search,2025-05,9.0,,26003.587646938777
CANADA,Paid Search,2025-06,4.0,,17453.472156462583
CANADA,Paid Search,2025-07,11.0,,10299.2002
CANADA,Paid Search,2025-08,4.0,,14633.489355782312
CANADA,Paid Search,2025-09,11.0,,20456.029744897958
CANADA,Paid Search,2025-10,5.0,,13434.19894897959
CANADA,Paid Search,2025-11,6.0,,13442.288711564624
CANADA,Paid Search,2025-12,3.0,,17064.201555102038
CANADA,Paid Search,2025-13,8.0,,15927.580404761906
CANADA,Paid Search,2025-14,2.0,,11478.269151020408
CANADA,Paid Search,2025-15,6.0,,13490.30086122449
CANADA,Paid Search,2025-16,10.0,,15556.930593197278
CANADA,Paid Search,2025-17,3.0,,15243.700374829932
CANADA,Paid Search,2025-18,2.0,,7509.280995238094
CANADA,Paid Search,2025-19,0.0,,4818.566988435374
CANADA,Paid Search,2025-20,2.0,,20458.71242244898
CANADA,Paid Search,2025-21,1.0,,21919.91436462585
CANADA,Paid Search,2025-22,2.0,,16400.42445170068
CANADA,Paid Search,2025-23,0.0,,13472.011130612245
CANADA,Paid Search,2025-24,0.0,,13489.446782993198
CANADA,Paid Search,2025-25,2.0,,14034.48976462585
CANADA,Paid Search,2025-26,0.0,,13158.9309292517
CANADA,Paid Search,2025-27,2.0,,13592.315423129252
CANADA,Paid Search,2025-28,0.0,,12336.714475510204
CANADA,Paid Search,2025-29,2.0,,14940.947487755104
CANADA,Paid Search,2025-30,2.0,,14043.546050340135
CANADA,Paid Search,2025-31,2.0,,13046.735741496599
CANADA,Paid Search,2025-32,0.0,,14594.052934013604
CANADA,Paid Search,2025-33,2.0,,16202.126596598639
CANADA,Paid Search,2025-34,1.0,,22355.69488707483
CANADA,Paid Search,2025-35,0.0,,22859.59940680272
CANADA,Paid Search,2025-36,3.0,,26249.79906666667
CANADA,Paid Search,2025-37,0.0,,27509.797053061222
CANADA,Paid Search,2025-38,2.0,,25716.170481632656
CANADA,Paid Search,2025-39,2.0,,25745.45330068027
CANADA,Paid Search,2025-40,0.0,,20506.004797959187
CANADA,Paid Search,2025-41,2.0,,17623.85091020408
CANADA,Paid Search,2025-42,2.0,,21935.431295238093
CANADA,Paid Search,2025-43,1.0,,26798.351929931974
CANADA,Paid Search,2025-44,2.0,,16254.580818367347
CANADA,Paid Search,2025-45,4.0,,17996.625876190476
CANADA,Paid Search,2025-46,5.0,,14064.597456462585
CANADA,Paid Search,2025-47,0.0,,10941.23641972789
CANADA,Paid Search,2025-48,1.0,,11462.216838095239
CANADA,Paid Search,2025-49,2.0,,10072.909527210884
CANADA,Paid Search,2025-50,0.0,,9877.26589047619
CANADA,Paid Search,2025-51,3.0,,11229.940468027211
CANADA,Paid Search,2025-52,5.0,,11667.17273197279
CANADA,Paid Search,2026-01,3.0,,5082.657574829932
CANADA,Paid Social,2025-01,0.0,,0.0
CANADA,Paid Social,2025-02,0.0,,0.0
CANADA,Paid Social,2025-03,0.0,,0.0
CANADA,Paid Social,2025-04,0.0,,0.0
CANADA,Paid Social,2025-05,0.0,,0.0
CANADA,Paid Social,2025-06,0.0,,0.0
CANADA,Paid Social,2025-07,0.0,,0.0
CANADA,Paid Social,2025-08,0.0,,0.0
CANADA,Paid Social,2025-09,0.0,,34.73469387755103
CANADA,Paid Social,2025-10,0.0,,345.02040816326536
CANADA,Paid Social,2025-11,0.0,,426.41496598639463
CANADA,Paid Social,2025-12,0.0,,477.3809523809524
CANADA,Paid Social,2025-13,0.0,,1029.9931972789118
CANADA,Paid Social,2025-14,0.0,,1064.392861122019
CANADA,Paid Social,2025-15,0.0,,639.9363272748884
CANADA,Paid Social,2025-16,0.0,,1624.1020408163286
CANADA,Paid Social,2025-17,0.0,,2839.8231292517
CANADA,Paid Social,2025-18,0.0,,8443.653061224477
CANADA,Paid Social,2025-19,0.0,,18663.435374149652
CANADA,Paid Social,2025-20,0.0,,19463.333333333336
CANADA,Paid Social,2025-21,0.0,,19287.802721088457
CANADA,Paid Social,2025-22,0.0,,20359.054421768702
CANADA,Paid Social,2025-23,0.0,,20560.204081632648
CANADA,Paid Social,2025-24,0.0,,15113.734693877555
CANADA,Paid Social,2025-25,0.0,,773.2721088435378
CANADA,Paid Social,2025-26,0.0,,794.3537414965987
CANADA,Paid Social,2025-27,0.0,,4555.489795918367
CANADA,Paid Social,2025-28,0.0,,12636.306122448981
CANADA,Paid Social,2025-29,0.0,,11932.721088435374
CANADA,Paid Social,2025-30,0.0,,14252.707482993199
CANADA,Paid Social,2025-31,0.0,,5663.591836734694
CANADA,Paid Social,2025-32,0.0,,755.9319727891152
CANADA,Paid Social,2025-33,0.0,,754.7687074829932
CANADA,Paid Social,2025-34,1.0,,778.1564625850341
CANADA,Paid Social,2025-35,0.0,,725.891156462585
CANADA,Paid Social,2025-36,0.0,,663.7755102040811
CANADA,Paid Social,2025-37,0.0,,681.8027210884352
CANADA,Paid Social,2025-38,0.0,,653.4557823129252
CANADA,Paid Social,2025-39,0.0,,464.251700680272
CANADA,Paid Social,2025-40,0.0,,4185.265306122448
CANADA,Paid Social,2025-41,1.0,,11441.891156462583
CANADA,Paid Social,2025-42,0.0,,14517.3537414966
CANADA,Paid Social,2025-43,0.0,,18431.680272108846
CANADA,Paid Social,2025-44,0.0,,14611.156462585035
CANADA,Paid Social,2025-45,1.0,,17668.884353741498
CANADA,Paid Social,2025-46,0.0,,21208.13605442177
CANADA,Paid Social,2025-47,0.0,,23702.8231292517
CANADA,Paid Social,2025-48,2.0,,26407.59183673468
CANADA,Paid Social,2025-49,1.0,,6142.938775510205
CANADA,Paid Social,2025-50,2.0,,6096.687074829932
CANADA,Paid Social,2025-51,2.0,,6069.4217687074815
CANADA,Paid Social,2025-52,3.0,,6078.965986394558
CANADA,Paid Social,2026-01,2.0,,2695.9931972789113
GERMANY,Paid Search,2025-01,4.0,,44406.129652
GERMANY,Paid Search,2025-02,7.0,,37947.035653
GERMANY,Paid Search,2025-03,9.0,,36533.715619
GERMANY,Paid Search,2025-04,8.0,,35822.730723
GERMANY,Paid Search,2025-05,13.0,,34692.936310000005
GERMANY,Paid Search,2025-06,11.0,,43205.45458400001
GERMANY,Paid Search,2025-07,11.0,,39602.503012
GERMANY,Paid Search,2025-08,10.0,,40521.54242299999
GERMANY,Paid Search,2025-09,9.0,,34864.919352
GERMANY,Paid Search,2025-10,6.0,,37049.596465
GERMANY,Paid Search,2025-11,10.0,,35095.056522
GERMANY,Paid Search,2025-12,12.0,,35638.003989000004
GERMANY,Paid Search,2025-13,8.0,,32271.742279000002
GERMANY,Paid Search,2025-14,20.0,,35480.739483000005
GERMANY,Paid Search,2025-15,1.0,,37120.967655
GERMANY,Paid Search,2025-16,7.0,,26794.073156000002
GERMANY,Paid Search,2025-17,1.0,,26062.322323999997
GERMANY,Paid Search,2025-18,7.0,,25161.012615
GERMANY,Paid Search,2025-19,6.0,,26480.516261999997
GERMANY,Paid Search,2025-20,11.0,,26887.288623
GERMANY,Paid Search,2025-21,8.0,,26284.439448000005
GERMANY,Paid Search,2025-22,10.0,,24457.077099
GERMANY,Paid Search,2025-23,13.0,,26704.053720999997
GERMANY,Paid Search,2025-24,8.0,,37131.678908999995
GERMANY,Paid Search,2025-25,2.0,,44778.613382
GERMANY,Paid Search,2025-26,8.0,,40917.418418
GERMANY,Paid Search,2025-27,7.0,,42139.526266
GERMANY,Paid Search,2025-28,9.0,,34689.148151
GERMANY,Paid Search,2025-29,12.0,,42593.463423
GERMANY,Paid Search,2025-30,9.0,,37512.294777
GERMANY,Paid Search,2025-31,14.0,,33640.203345
GERMANY,Paid Search,2025-32,11.0,,36807.771083
GERMANY,Paid Search,2025-33,4.0,,35983.578330000004
GERMANY,Paid Search,2025-34,7.0,,36855.108426
GERMANY,Paid Search,2025-35,9.0,,35036.013826
GERMANY,Paid Search,2025-36,14.0,,49540.432443
GERMANY,Paid Search,2025-37,7.0,,43354.346948000006
GERMANY,Paid Search,2025-38,13.0,,34203.905002
GERMANY,Paid Search,2025-39,7.0,,33580.242833
GERMANY,Paid Search,2025-40,14.0,,42591.460451
GERMANY,Paid Search,2025-41,4.0,,46936.825527999994
GERMANY,Paid Search,2025-42,10.0,,44886.003409000004
GERMANY,Paid Search,2025-43,13.0,,44312.684323
GERMANY,Paid Search,2025-44,4.0,,49128.41221699999
GERMANY,Paid Search,2025-45,9.0,,62826.610568000004
GERMANY,Paid Search,2025-46,5.0,,61232.763938000004
GERMANY,Paid Search,2025-47,22.0,,66078.20589400001
GERMANY,Paid Search,2025-48,15.0,,72687.558582
GERMANY,Paid Search,2025-49,15.0,,81734.38314199999
GERMANY,Paid Search,2025-50,10.0,,80960.179004
GERMANY,Paid Search,2025-51,18.0,,80426.33702700002
GERMANY,Paid Search,2025-52,12.0,,74399.3197
GERMANY,Paid Search,2026-01,3.0,,29520.863406
GERMANY,Paid Social,2025-01,0.0,,760.91
GERMANY,Paid Social,2025-02,0.0,,1885.7999999999997
GERMANY,Paid Social,2025-03,0.0,,1894.0299999999997
GERMANY,Paid Social,2025-04,0.0,,1950.96
GERMANY,Paid Social,2025-05,0.0,,1901.17
GERMANY,Paid Social,2025-06,0.0,,1935.5500000000002
GERMANY,Paid Social,2025-07,0.0,,1942.26
GERMANY,Paid Social,2025-08,0.0,,1927.3300000000002
GERMANY,Paid Social,2025-09,0.0,,1918.02
GERMANY,Paid Social,2025-10,0.0,,7143.89
GERMANY,Paid Social,2025-11,0.0,,9793.33
GERMANY,Paid Social,2025-12,0.0,,10453.86
GERMANY,Paid Social,2025-13,0.0,,10410.55
GERMANY,Paid Social,2025-14,0.0,,8866.07
GERMANY,Paid Social,2025-15,0.0,,13622.919999999998
GERMANY,Paid Social,2025-16,0.0,,13565.039999999999
GERMANY,Paid Social,2025-17,0.0,,13482.78
GERMANY,Paid Social,2025-18,0.0,,8833.79
GERMANY,Paid Social,2025-19,0.0,,6473.26
GERMANY,Paid Social,2025-20,0.0,,6563.21
GERMANY,Paid Social,2025-21,0.0,,7164.490000000001
GERMANY,Paid Social,2025-22,0.0,,7069.68
GERMANY,Paid Social,2025-23,0.0,,8901.789999999999
GERMANY,Paid Social,2025-24,0.0,,19561.05
GERMANY,Paid Social,2025-25,0.0,,14175.76
GERMANY,Paid Social,2025-26,0.0,,14693.69
GERMANY,Paid Social,2025-27,0.0,,16907.239999999998
GERMANY,Paid Social,2025-28,0.0,,16495.55
GERMANY,Paid Social,2025-29,0.0,,28992.309999999998
GERMANY,Paid Social,2025-30,0.0,,22156.809999999998
GERMANY,Paid Social,2025-31,0.0,,34628.46
GERMANY,Paid Social,2025-32,0.0,,37872.73
GERMANY,Paid Social,2025-33,0.0,,48136.8
GERMANY,Paid Social,2025-34,0.0,,31865.69
GERMANY,Paid Social,2025-35,0.0,,28230.479999999996
GERMANY,Paid Social,2025-36,0.0,,19285.179999999997
GERMANY,Paid Social,2025-37,0.0,,16875.5
GERMANY,Paid Social,2025-38,0.0,,19380.21
GERMANY,Paid Social,2025-39,0.0,,28579.589999999997
GERMANY,Paid Social,2025-40,0.0,,11157.700000000004
GERMANY,Paid Social,2025-41,1.0,,5899.080000000001
GERMANY,Paid Social,2025-42,0.0,,11378.56
GERMANY,Paid Social,2025-43,1.0,,15050.18
GERMANY,Paid Social,2025-44,1.0,,18245.12
GERMANY,Paid Social,2025-45,2.0,,17101.14
GERMANY,Paid Social,2025-46,2.0,,43364.86
GERMANY,Paid Social,2025-47,0.0,,47677.100000000006
GERMANY,Paid Social,2025-48,0.0,,45464.25
GERMANY,Paid Social,2025-49,3.0,,51728.18
GERMANY,Paid Social,2025-50,2.0,,72849.34
GERMANY,Paid Social,2025-51,0.0,,78889.74
GERMANY,Paid Social,2025-52,0.0,,77924.52
GERMANY,Paid Social,2026-01,0.0,,30957.070000000007
GLOBAL,Paid Search,2025-01,52.0,,44406.129652
GLOBAL,Paid Search,2025-02,106.0,,37947.035653000006
GLOBAL,Paid Search,2025-03,149.0,,36533.715618999995
GLOBAL,Paid Search,2025-04,128.0,,35822.730723
GLOBAL,Paid Search,2025-05,120.0,,34692.936310000005
GLOBAL,Paid Search,2025-06,136.0,,43205.45458399999
GLOBAL,Paid Search,2025-07,145.0,,39602.503012
GLOBAL,Paid Search,2025-08,127.0,,40521.542423000006
GLOBAL,Paid Search,2025-09,153.0,,34864.919352
GLOBAL,Paid Search,2025-10,141.0,,37049.596465
GLOBAL,Paid Search,2025-11,158.0,,35095.056522
GLOBAL,Paid Search,2025-12,177.0,,35638.003989
GLOBAL,Paid Search,2025-13,171.0,,32271.742279000002
GLOBAL,Paid Search,2025-14,155.0,,35480.739483
GLOBAL,Paid Search,2025-15,141.0,,37120.967655
GLOBAL,Paid Search,2025-16,164.0,,26794.073156
GLOBAL,Paid Search,2025-17,130.0,,26062.322323999997
GLOBAL,Paid Search,2025-18,148.0,,25161.012615
GLOBAL,Paid Search,2025-19,174.0,,26480.516262
GLOBAL,Paid Search,2025-20,187.0,,26887.288623
GLOBAL,Paid Search,2025-21,176.0,,26284.439447999997
GLOBAL,Paid Search,2025-22,167.0,,24457.077099
GLOBAL,Paid Search,2025-23,173.0,,26704.053721
GLOBAL,Paid Search,2025-24,158.0,,37131.678908999995
GLOBAL,Paid Search,2025-25,183.0,,44778.613382
GLOBAL,Paid Search,2025-26,192.0,,40917.418418
GLOBAL,Paid Search,2025-27,187.0,,42139.526266
GLOBAL,Paid Search,2025-28,200.0,,34689.148151
GLOBAL,Paid Search,2025-29,223.0,,42593.463423
GLOBAL,Paid Search,2025-30,178.0,,37512.294777
GLOBAL,Paid Search,2025-31,179.0,,33640.203345
GLOBAL,Paid Search,2025-32,191.0,,36807.771083
GLOBAL,Paid Search,2025-33,183.0,,35983.578330000004
GLOBAL,Paid Search,2025-34,170.0,,36855.108426000006
GLOBAL,Paid Search,2025-35,185.0,,35036.013825999995
GLOBAL,Paid Search,2025-36,214.0,,49540.432443
GLOBAL,Paid Search,2025-37,251.0,,43354.346948
GLOBAL,Paid Search,2025-38,210.0,,34203.905002
GLOBAL,Paid Search,2025-39,229.0,,33580.242833
GLOBAL,Paid Search,2025-40,234.0,,42591.460451
GLOBAL,Paid Search,2025-41,213.0,,46936.825527999994
GLOBAL,Paid Search,2025-42,205.0,,44886.003409
GLOBAL,Paid Search,2025-43,214.0,,44312.684323
GLOBAL,Paid Search,2025-44,219.0,,49128.41221699999
GLOBAL,Paid Search,2025-45,258.0,,62826.61056799999
GLOBAL,Paid Search,2025-46,238.0,,61232.763938
GLOBAL,Paid Search,2025-47,336.0,,66078.20589400001
GLOBAL,Paid Search,2025-48,315.0,,72687.558582
GLOBAL,Paid Search,2025-49,272.0,,81734.38314199999
GLOBAL,Paid Search,2025-50,246.0,,80960.17900399998
GLOBAL,Paid Search,2025-51,235.0,,80426.337027
GLOBAL,Paid Search,2025-52,207.0,,74399.3197
GLOBAL,Paid Search,2026-01,101.0,,29520.863406
GLOBAL,Paid Social,2025-01,2.0,,760.91
GLOBAL,Paid Social,2025-02,3.0,,1885.7999999999997
GLOBAL,Paid Social,2025-03,0.0,,1894.0299999999997
GLOBAL,Paid Social,2025-04,1.0,,1950.96
GLOBAL,Paid Social,2025-05,1.0,,1901.17
GLOBAL,Paid Social,2025-06,2.0,,1935.5500000000002
GLOBAL,Paid Social,2025-07,6.0,,1942.26
GLOBAL,Paid Social,2025-08,6.0,,1927.3300000000002
GLOBAL,Paid Social,2025-09,6.0,,1918.02
GLOBAL,Paid Social,2025-10,9.0,,7143.89
GLOBAL,Paid Social,2025-11,1.0,,9793.33
GLOBAL,Paid Social,2025-12,5.0,,10453.86
GLOBAL,Paid Social,2025-13,5.0,,10410.55
GLOBAL,Paid Social,2025-14,2.0,,8866.07
GLOBAL,Paid Social,2025-15,13.0,,13622.920000000002
GLOBAL,Paid Social,2025-16,5.0,,13565.04
GLOBAL,Paid Social,2025-17,11.0,,13482.78
GLOBAL,Paid Social,2025-18,8.0,,8833.79
GLOBAL,Paid Social,2025-19,6.0,,6473.26
GLOBAL,Paid Social,2025-20,3.0,,6563.21
GLOBAL,Paid Social,2025-21,5.0,,7164.490000000001
GLOBAL,Paid Social,2025-22,7.0,,7069.68
GLOBAL,Paid Social,2025-23,4.0,,8901.789999999999
GLOBAL,Paid Social,2025-24,0.0,,19561.05
GLOBAL,Paid Social,2025-25,6.0,,14175.76
GLOBAL,Paid Social,2025-26,7.0,,14693.69
GLOBAL,Paid Social,2025-27,6.0,,16907.239999999998
GLOBAL,Paid Social,2025-28,2.0,,16495.55
GLOBAL,Paid Social,2025-29,7.0,,28992.31
GLOBAL,Paid Social,2025-30,8.0,,22156.809999999998
GLOBAL,Paid Social,2025-31,7.0,,34628.46
GLOBAL,Paid Social,2025-32,6.0,,37872.73
GLOBAL,Paid Social,2025-33,8.0,,48136.8
GLOBAL,Paid Social,2025-34,10.0,,31865.69
GLOBAL,Paid Social,2025-35,11.0,,28230.479999999996
GLOBAL,Paid Social,2025-36,10.0,,19285.179999999997
GLOBAL,Paid Social,2025-37,11.0,,16875.5
GLOBAL,Paid Social,2025-38,20.0,,19380.21
GLOBAL,Paid Social,2025-39,13.0,,28579.59
GLOBAL,Paid Social,2025-40,9.0,,11157.700000000004
GLOBAL,Paid Social,2025-41,15.0,,5899.080000000001
GLOBAL,Paid Social,2025-42,10.0,,11378.56
GLOBAL,Paid Social,2025-43,15.0,,15050.18
GLOBAL,Paid Social,2025-44,20.0,,18245.12
GLOBAL,Paid Social,2025-45,18.0,,17101.14
GLOBAL,Paid Social,2025-46,13.0,,43364.86
GLOBAL,Paid Social,2025-47,18.0,,47677.100000000006
GLOBAL,Paid Social,2025-48,29.0,,45464.25
GLOBAL,Paid Social,2025-49,53.0,,51728.18000000001
GLOBAL,Paid Social,2025-50,69.0,,72849.34
GLOBAL,Paid Social,2025-51,47.0,,78889.74
GLOBAL,Paid Social,2025-52,60.0,,77924.52
GLOBAL,Paid Social,2026-01,25.0,,30957.070000000007
KOREA,Paid Search,2025-01,0.0,,0.0
KOREA,Paid Search,2025-02,0.0,,0.0
KOREA,Paid Search,2025-03,0.0,,0.0
KOREA,Paid Search,2025-04,0.0,,0.0
KOREA,Paid Search,2025-05,0.0,,0.0
KOREA,Paid Search,2025-06,0.0,,0.0
KOREA,Paid Search,2025-07,0.0,,1973.0656005028209
KOREA,Paid Search,2025-08,0.0,,4565.597352521598
KOREA,Paid Search,2025-09,4.0,,1175.0947678242446
KOREA,Paid Search,2025-10,7.0,,424.11019104393205
KOREA,Paid Search,2025-11,3.0,,50.555687332733754
KOREA,Paid Search,2025-12,2.0,,4083.4959214005394
KOREA,Paid Search,2025-13,0.0,,3901.11530520399
KOREA,Paid Search,2025-14,1.0,,9892.432867591911
KOREA,Paid Search,2025-15,5.0,,12682.888255575313
KOREA,Paid Search,2025-16,1.0,,12388.758311375466
KOREA,Paid Search,2025-17,1.0,,10778.365145999236
KOREA,Paid Search,2025-18,1.0,,9861.288975136948
KOREA,Paid Search,2025-19,1.0,,8575.375829299866
KOREA,Paid Search,2025-20,1.0,,10799.971168299131
KOREA,Paid Search,2025-21,4.0,,13889.394119284334
KOREA,Paid Search,2025-22,8.0,,12616.524508451885
KOREA,Paid Search,2025-23,7.0,,0.0
KOREA,Paid Search,2025-24,15.0,,0.0
KOREA,Paid Search,2025-25,10.0,,0.0
KOREA,Paid Search,2025-26,10.0,,0.0
KOREA,Paid Search,2025-27,2.0,,0.0
KOREA,Paid Search,2025-28,8.0,,0.0
KOREA,Paid Search,2025-29,11.0,,0.0
KOREA,Paid Search,2025-30,13.0,,0.0
KOREA,Paid Search,2025-31,10.0,,0.0
KOREA,Paid Search,2025-32,0.0,,0.0
KOREA,Paid Search,2025-33,0.0,,0.0
KOREA,Paid Search,2025-34,1.0,,0.0
KOREA,Paid Search,2025-35,6.0,,1686.3535823924183
KOREA,Paid Search,2025-36,11.0,,0.0
KOREA,Paid Search,2025-37,9.0,,0.0
KOREA,Paid Search,2025-38,6.0,,0.0
KOREA,Paid Search,2025-39,4.0,,7817.782168956613
KOREA,Paid Search,2025-40,6.0,,23669.640741156352
KOREA,Paid Search,2025-41,6.0,,25076.503557870026
KOREA,Paid Search,2025-42,15.0,,27109.24081103412
KOREA,Paid Search,2025-43,3.0,,25339.775528501348
KOREA,Paid Search,2025-44,9.0,,13919.472795193224
KOREA,Paid Search,2025-45,10.0,,0.0
KOREA,Paid Search,2025-46,5.0,,0.0
KOREA,Paid Search,2025-47,9.0,,573.2880718399967
KOREA,Paid Search,2025-48,2.0,,715.672669105824
KOREA,Paid Search,2025-49,5.0,,1136.7598506888235
KOREA,Paid Search,2025-50,4.0,,1210.3771933543183
KOREA,Paid Search,2025-51,2.0,,5254.337973310986
KOREA,Paid Search,2025-52,1.0,,7598.952968571662
KOREA,Paid Search,2026-01,2.0,,5044.407325000681
KOREA,Paid Social,2025-01,0.0,,0.0
KOREA,Paid Social,2025-02,0.0,,0.0
KOREA,Paid Social,2025-03,0.0,,0.0
KOREA,Paid Social,2025-04,0.0,,0.0
KOREA,Paid Social,2025-05,0.0,,0.0
KOREA,Paid Social,2025-06,0.0,,0.0
KOREA,Paid Social,2025-07,0.0,,1353.9605646853622
KOREA,Paid Social,2025-08,0.0,,3377.950153980323
KOREA,Paid Social,2025-09,0.0,,1140.6126509143432
KOREA,Paid Social,2025-10,0.0,,738.2940887907774
KOREA,Paid Social,2025-11,0.0,,116.32259559043959
KOREA,Paid Social,2025-12,0.0,,838.8091734118223
KOREA,Paid Social,2025-13,0.0,,1503.1382007467364
KOREA,Paid Social,2025-14,0.0,,2959.8806311830594
KOREA,Paid Social,2025-15,0.0,,3441.738206197367
KOREA,Paid Social,2025-16,0.0,,3524.291417981631
KOREA,Paid Social,2025-17,1.0,,3548.744310903987
KOREA,Paid Social,2025-18,0.0,,1983.0798789959938
KOREA,Paid Social,2025-19,0.0,,508.38102635380045
KOREA,Paid Social,2025-20,0.0,,499.07271141634646
KOREA,Paid Social,2025-21,0.0,,691.8880985474069
KOREA,Paid Social,2025-22,0.0,,466.75251410350756
KOREA,Paid Social,2025-23,0.0,,0.0
KOREA,Paid Social,2025-24,0.0,,0.0
KOREA,Paid Social,2025-25,0.0,,0.0
KOREA,Paid Social,2025-26,0.0,,0.0
KOREA,Paid Social,2025-27,0.0,,0.0
KOREA,Paid Social,2025-28,0.0,,0.0
KOREA,Paid Social,2025-29,0.0,,0.0
KOREA,Paid Social,2025-30,0.0,,0.0
KOREA,Paid Social,2025-31,0.0,,0.0
KOREA,Paid Social,2025-32,0.0,,0.0
KOREA,Paid Social,2025-33,0.0,,0.0
KOREA,Paid Social,2025-34,0.0,,0.0
KOREA,Paid Social,2025-35,0.0,,716.8622080505818
KOREA,Paid Social,2025-36,0.0,,1133.1922982585234
KOREA,Paid Social,2025-37,0.0,,193.9320851388548
KOREA,Paid Social,2025-38,0.0,,0.0
KOREA,Paid Social,2025-39,0.0,,7271.850897991443
KOREA,Paid Social,2025-40,0.0,,12380.379091379826
KOREA,Paid Social,2025-41,0.0,,12491.889461205134
KOREA,Paid Social,2025-42,0.0,,11733.642656637505
KOREA,Paid Social,2025-43,0.0,,12827.939934047365
KOREA,Paid Social,2025-44,0.0,,7282.7194560270345
KOREA,Paid Social,2025-45,0.0,,2770.089662878478
KOREA,Paid Social,2025-46,0.0,,3063.5073447251516
KOREA,Paid Social,2025-47,0.0,,298.3627667402502
KOREA,Paid Social,2025-48,2.0,,2969.727877251792
KOREA,Paid Social,2025-49,8.0,,10804.99959120268
KOREA,Paid Social,2025-50,8.0,,16280.013217779957
KOREA,Paid Social,2025-51,5.0,,26039.05853977598
KOREA,Paid Social,2025-52,5.0,,29694.513939988552
KOREA,Paid Social,2026-01,1.0,,11848.075927288583
UK,Paid Search,2025-01,4.0,,7025.161839759036
UK,Paid Search,2025-02,7.0,,9940.41046506024
UK,Paid Search,2025-03,8.0,,10029.515538554218
UK,Paid Search,2025-04,12.0,,10182.756687951809
UK,Paid Search,2025-05,7.0,,10710.099109638555
UK,Paid Search,2025-06,8.0,,10983.749279518073
UK,Paid Search,2025-07,7.0,,12455.015034939759
UK,Paid Search,2025-08,4.0,,11818.096938554218
UK,Paid Search,2025-09,2.0,,9415.048045783133
UK,Paid Search,2025-10,5.0,,12928.322340963856
UK,Paid Search,2025-11,5.0,,15940.231355421687
UK,Paid Search,2025-12,16.0,,26178.661884337354
UK,Paid Search,2025-13,12.0,,30072.59855542169
UK,Paid Search,2025-14,17.0,,22387.41795060241
UK,Paid Search,2025-15,9.0,,18169.12733373494
UK,Paid Search,2025-16,10.0,,18406.021073493976
UK,Paid Search,2025-17,12.0,,23410.240232530123
UK,Paid Search,2025-18,10.0,,25820.36309759036
UK,Paid Search,2025-19,11.0,,28183.795438554218
UK,Paid Search,2025-20,12.0,,32776.05336144579
UK,Paid Search,2025-21,13.0,,31786.140973493973
UK,Paid Search,2025-22,11.0,,25223.490726506025
UK,Paid Search,2025-23,8.0,,36981.780985542166
UK,Paid Search,2025-24,10.0,,44115.77299156627
UK,Paid Search,2025-25,11.0,,53984.651521686756
UK,Paid Search,2025-26,18.0,,51489.07443975904
UK,Paid Search,2025-27,11.0,,27354.24096746988
UK,Paid Search,2025-28,12.0,,28869.976355421688
UK,Paid Search,2025-29,13.0,,28400.146145783136
UK,Paid Search,2025-30,9.0,,30906.81220963855
UK,Paid Search,2025-31,16.0,,22260.56806746988
UK,Paid Search,2025-32,15.0,,24603.836091566263
UK,Paid Search,2025-33,8.0,,25102.783939759043
UK,Paid Search,2025-34,5.0,,28837.201630120482
UK,Paid Search,2025-35,12.0,,27934.659975903614
UK,Paid Search,2025-36,14.0,,30009.070236144576
UK,Paid Search,2025-37,6.0,,28141.55530240964
UK,Paid Search,2025-38,17.0,,28034.25168674699
UK,Paid Search,2025-39,9.0,,32507.186742168677
UK,Paid Search,2025-40,13.0,,17744.31384819277
UK,Paid Search,2025-41,14.0,,10239.403149397593
UK,Paid Search,2025-42,8.0,,11968.033448192773
UK,Paid Search,2025-43,20.0,,11784.635221686747
UK,Paid Search,2025-44,16.0,,15809.655627710843
UK,Paid Search,2025-45,13.0,,26500.942850602412
UK,Paid Search,2025-46,9.0,,31709.007909638556
UK,Paid Search,2025-47,22.0,,54591.85268072289
UK,Paid Search,2025-48,37.0,,49100.075474698795
UK,Paid Search,2025-49,20.0,,52527.284246987954
UK,Paid Search,2025-50,23.0,,52059.322771084335
UK,Paid Search,2025-51,21.0,,60841.86922168675
UK,Paid Search,2025-52,18.0,,80541.22360120484
UK,Paid Search,2026-01,18.0,,28611.930538554214
UK,Paid Social,2025-01,0.0,,0.0
UK,Paid Social,2025-02,0.0,,0.0
UK,Paid Social,2025-03,0.0,,0.0
UK,Paid Social,2025-04,0.0,,0.0
UK,Paid Social,2025-05,0.0,,0.0
UK,Paid Social,2025-06,0.0,,0.0
UK,Paid Social,2025-07,0.0,,0.0
UK,Paid Social,2025-08,0.0,,0.0
UK,Paid Social,2025-09,0.0,,0.0
UK,Paid Social,2025-10,0.0,,0.0
UK,Paid Social,2025-11,0.0,,0.0
UK,Paid Social,2025-12,0.0,,0.0
UK,Paid Social,2025-13,0.0,,0.0
UK,Paid Social,2025-14,0.0,,0.0
UK,Paid Social,2025-15,0.0,,0.0
UK,Paid Social,2025-16,0.0,,0.0
UK,Paid Social,2025-17,0.0,,0.0
UK,Paid Social,2025-18,1.0,,0.0
UK,Paid Social,2025-19,0.0,,0.0
UK,Paid Social,2025-20,0.0,,0.0
UK,Paid Social,2025-21,0.0,,2629.3493975903616
UK,Paid Social,2025-22,0.0,,19276.269656626504
UK,Paid Social,2025-23,0.0,,34047.18370963855
UK,Paid Social,2025-24,0.0,,54016.442556626505
UK,Paid Social,2025-25,0.0,,47883.58291445783
UK,Paid Social,2025-26,0.0,,33563.3732
UK,Paid Social,2025-27,0.0,,32646.45884939758
UK,Paid Social,2025-28,0.0,,35689.21827710844
UK,Paid Social,2025-29,0.0,,27558.36240240963
UK,Paid Social,2025-30,0.0,,14298.674698795181
UK,Paid Social,2025-31,0.0,,20482.192771084337
UK,Paid Social,2025-32,0.0,,22271.759036144587
UK,Paid Social,2025-33,0.0,,18915.86746987953
UK,Paid Social,2025-34,0.0,,23079.987951807227
UK,Paid Social,2025-35,2.0,,21780.807228915688
UK,Paid Social,2025-36,0.0,,24634.373493975905
UK,Paid Social,2025-37,0.0,,23382.132530120485
UK,Paid Social,2025-38,5.0,,22417.481927710844
UK,Paid Social,2025-39,2.0,,22018.240963855427
UK,Paid Social,2025-40,4.0,,13672.349397590364
UK,Paid Social,2025-41,3.0,,8814.915662650603
UK,Paid Social,2025-42,0.0,,8256.469879518072
UK,Paid Social,2025-43,0.0,,23866.469879518074
UK,Paid Social,2025-44,3.0,,25006.117248192775
UK,Paid Social,2025-45,1.0,,46220.81749156627
UK,Paid Social,2025-46,0.0,,41535.01706746989
UK,Paid Social,2025-47,0.0,,12587.072289156627
UK,Paid Social,2025-48,3.0,,12903.060240963858
UK,Paid Social,2025-49,2.0,,11428.216867469879
UK,Paid Social,2025-50,5.0,,22493.27438554217
UK,Paid Social,2025-51,2.0,,29566.3295686747
UK,Paid Social,2025-52,6.0,,30654.897731325324
UK,Paid Social,2026-01,1.0,,12506.72723012049
CANADA,KPI Selection I (Cross Channel),2025-01,,9286.0,
CANADA,KPI Selection I (Cross Channel),2025-02,,18276.0,
CANADA,KPI Selection I (Cross Channel),2025-03,,17756.0,
CANADA,KPI Selection I (Cross Channel),2025-04,,27423.0,
CANADA,KPI Selection I (Cross Channel),2025-05,,30215.0,
CANADA,KPI Selection I (Cross Channel),2025-06,,28537.0,
CANADA,KPI Selection I (Cross Channel),2025-07,,27130.0,
CANADA,KPI Selection I (Cross Channel),2025-08,,28360.0,
CANADA,KPI Selection I (Cross Channel),2025-09,,28979.0,
CANADA,KPI Selection I (Cross Channel),2025-10,,27700.0,
CANADA,KPI Selection I (Cross Channel),2025-11,,29398.0,
CANADA,KPI Selection I (Cross Channel),2025-12,,31083.0,
CANADA,KPI Selection I (Cross Channel),2025-13,,31665.0,
CANADA,KPI Selection I (Cross Channel),2025-14,,30140.0,
CANADA,KPI Selection I (Cross Channel),2025-15,,29685.0,
CANADA,KPI Selection I (Cross Channel),2025-16,,32998.0,
CANADA,KPI Selection I (Cross Channel),2025-17,,31424.0,
CANADA,KPI Selection I (Cross Channel),2025-18,,25747.0,
CANADA,KPI Selection I (Cross Channel),2025-19,,23777.0,
CANADA,KPI Selection I (Cross Channel),2025-20,,21063.0,
CANADA,KPI Selection I (Cross Channel),2025-21,,28884.0,
CANADA,KPI Selection I (Cross Channel),2025-22,,26767.0,
CANADA,KPI Selection I (Cross Channel),2025-23,,24335.0,
CANADA,KPI Selection I (Cross Channel),2025-24,,22865.0,
CANADA,KPI Selection I (Cross Channel),2025-25,,21796.0,
CANADA,KPI Selection I (Cross Channel),2025-26,,22449.0,
CANADA,KPI Selection I (Cross Channel),2025-27,,20934.0,
CANADA,KPI Selection I (Cross Channel),2025-28,,22539.0,
CANADA,KPI Selection I (Cross Channel),2025-29,,25413.0,
CANADA,KPI Selection I (Cross Channel),2025-30,,24825.0,
CANADA,KPI Selection I (Cross Channel),2025-31,,23862.0,
CANADA,KPI Selection I (Cross Channel),2025-32,,24729.0,
CANADA,KPI Selection I (Cross Channel),2025-33,,27882.0,
CANADA,KPI Selection I (Cross Channel),2025-34,,31521.0,
CANADA,KPI Selection I (Cross Channel),2025-35,,37707.0,
CANADA,KPI Selection I (Cross Channel),2025-36,,36864.0,
CANADA,KPI Selection I (Cross Channel),2025-37,,36411.0,
CANADA,KPI Selection I (Cross Channel),2025-38,,38721.0,
CANADA,KPI Selection I (Cross Channel),2025-39,,39097.0,
CANADA,KPI Selection I (Cross Channel),2025-40,,35086.0,
CANADA,KPI Selection I (Cross Channel),2025-41,,32142.0,
CANADA,KPI Selection I (Cross Channel),2025-42,,36124.0,
CANADA,KPI Selection I (Cross Channel),2025-43,,36736.0,
CANADA,KPI Selection I (Cross Channel),2025-44,,36591.0,
CANADA,KPI Selection I (Cross Channel),2025-45,,35745.0,
CANADA,KPI Selection I (Cross Channel),2025-46,,33689.0,
CANADA,KPI Selection I (Cross Channel),2025-47,,39901.0,
CANADA,KPI Selection I (Cross Channel),2025-48,,46714.0,
CANADA,KPI Selection I (Cross Channel),2025-49,,50037.0,
CANADA,KPI Selection I (Cross Channel),2025-50,,49388.0,
CANADA,KPI Selection I (Cross Channel),2025-51,,44926.0,
CANADA,KPI Selection I (Cross Channel),2025-52,,47429.0,
CANADA,KPI Selection I (Cross Channel),2026-01,,20219.0,
CANADA,KPI Selection I_YOY (Cross Channel),2025-01,,6245.0,
CANADA,KPI Selection I_YOY (Cross Channel),2025-02,,8882.0,
CANADA,KPI Selection I_YOY (Cross Channel),2025-03,,10051.0,
CANADA,KPI Selection I_YOY (Cross Channel),2025-04,,9584.0,
CANADA,KPI Selection I_YOY (Cross Channel),2025-05,,8881.0,
CANADA,KPI Selection I_YOY (Cross Channel),2025-06,,9232.0,
CANADA,KPI Selection I_YOY (Cross Channel),2025-07,,13309.0,
CANADA,KPI Selection I_YOY (Cross Channel),2025-08,,14457.0,
CANADA,KPI Selection I_YOY (Cross Channel),2025-09,,13283.0,
CANADA,KPI Selection I_YOY (Cross Channel),2025-10,,12844.0,
CANADA,KPI Selection I_YOY (Cross Channel),2025-11,,13020.0,
CANADA,KPI Selection I_YOY (Cross Channel),2025-12,,13958.0,
CANADA,KPI Selection I_YOY (Cross Channel),2025-13,,13976.0,
CANADA,KPI Selection I_YOY (Cross Channel),2025-14,,14052.0,
CANADA,KPI Selection I_YOY (Cross Channel),2025-15,,14513.0,
CANADA,KPI Selection I_YOY (Cross Channel),2025-16,,14537.0,
CANADA,KPI Selection I_YOY (Cross Channel),2025-17,,14069.0,
CANADA,KPI Selection I_YOY (Cross Channel),2025-18,,13606.0,
CANADA,KPI Selection I_YOY (Cross Channel),2025-19,,14611.0,
CANADA,KPI Selection I_YOY (Cross Channel),2025-20,,15095.0,
CANADA,KPI Selection I_YOY (Cross Channel),2025-21,,14809.0,
CANADA,KPI Selection I_YOY (Cross Channel),2025-22,,15405.0,
CANADA,KPI Selection I_YOY (Cross Channel),2025-23,,15543.0,
CANADA,KPI Selection I_YOY (Cross Channel),2025-24,,15788.0,
CANADA,KPI Selection I_YOY (Cross Channel),2025-25,,18126.0,
CANADA,KPI Selection I_YOY (Cross Channel),2025-26,,16971.0,
CANADA,KPI Selection I_YOY (Cross Channel),2025-27,,15108.0,
CANADA,KPI Selection I_YOY (Cross Channel),2025-28,,15325.0,
CANADA,KPI Selection I_YOY (Cross Channel),2025-29,,14933.0,
CANADA,KPI Selection I_YOY (Cross Channel),2025-30,,16490.0,
CANADA,KPI Selection I_YOY (Cross Channel),2025-31,,15950.0,
CANADA,KPI Selection I_YOY (Cross Channel),2025-32,,17174.0,
CANADA,KPI Selection I_YOY (Cross Channel),2025-33,,17222.0,
CANADA,KPI Selection I_YOY (Cross Channel),2025-34,,17092.0,
CANADA,KPI Selection I_YOY (Cross Channel),2025-35,,17094.0,
CANADA,KPI Selection I_YOY (Cross Channel),2025-36,,16410.0,
CANADA,KPI Selection I_YOY (Cross Channel),2025-37,,16846.0,
CANADA,KPI Selection I_YOY (Cross Channel),2025-38,,14333.0,
CANADA,KPI Selection I_YOY (Cross Channel),2025-39,,12284.0,
CANADA,KPI Selection I_YOY (Cross Channel),2025-40,,7207.0,
CANADA,KPI Selection I_YOY (Cross Channel),2025-41,,10167.0,
CANADA,KPI Selection I_YOY (Cross Channel),2025-42,,14954.0,
CANADA,KPI Selection I_YOY (Cross Channel),2025-43,,14099.0,
CANADA,KPI Selection I_YOY (Cross Channel),2025-44,,13400.0,
CANADA,KPI Selection I_YOY (Cross Channel),2025-45,,14259.0,
CANADA,KPI Selection I_YOY (Cross Channel),2025-46,,12694.0,
CANADA,KPI Selection I_YOY (Cross Channel),2025-47,,12938.0,
CANADA,KPI Selection I_YOY (Cross Channel),2025-48,,12567.0,
CANADA,KPI Selection I_YOY (Cross Channel),2025-49,,10789.0,
CANADA,KPI Selection I_YOY (Cross Channel),2025-50,,13387.0,
CANADA,KPI Selection I_YOY (Cross Channel),2025-51,,14096.0,
CANADA,KPI Selection I_YOY (Cross Channel),2025-52,,12060.0,
CANADA,KPI Selection I_YOY (Cross Channel),2026-01,,5086.0,
GERMANY,KPI Selection I (Cross Channel),2025-01,,28661.0,
GERMANY,KPI Selection I (Cross Channel),2025-02,,44053.0,
GERMANY,KPI Selection I (Cross Channel),2025-03,,45051.0,
GERMANY,KPI Selection I (Cross Channel),2025-04,,47040.0,
GERMANY,KPI Selection I (Cross Channel),2025-05,,48090.0,
GERMANY,KPI Selection I (Cross Channel),2025-06,,49567.0,
GERMANY,KPI Selection I (Cross Channel),2025-07,,46904.0,
GERMANY,KPI Selection I (Cross Channel),2025-08,,63209.0,
GERMANY,KPI Selection I (Cross Channel),2025-09,,63194.0,
GERMANY,KPI Selection I (Cross Channel),2025-10,,61302.0,
GERMANY,KPI Selection I (Cross Channel),2025-11,,72188.0,
GERMANY,KPI Selection I (Cross Channel),2025-12,,68712.0,
GERMANY,KPI Selection I (Cross Channel),2025-13,,72512.0,
GERMANY,KPI Selection I (Cross Channel),2025-14,,68365.0,
GERMANY,KPI Selection I (Cross Channel),2025-15,,66862.0,
GERMANY,KPI Selection I (Cross Channel),2025-16,,69448.0,
GERMANY,KPI Selection I (Cross Channel),2025-17,,69829.0,
GERMANY,KPI Selection I (Cross Channel),2025-18,,66377.0,
GERMANY,KPI Selection I (Cross Channel),2025-19,,64381.0,
GERMANY,KPI Selection I (Cross Channel),2025-20,,69399.0,
GERMANY,KPI Selection I (Cross Channel),2025-21,,71689.0,
GERMANY,KPI Selection I (Cross Channel),2025-22,,68108.0,
GERMANY,KPI Selection I (Cross Channel),2025-23,,70053.0,
GERMANY,KPI Selection I (Cross Channel),2025-24,,63029.0,
GERMANY,KPI Selection I (Cross Channel),2025-25,,61279.0,
GERMANY,KPI Selection I (Cross Channel),2025-26,,62077.0,
GERMANY,KPI Selection I (Cross Channel),2025-27,,68078.0,
GERMANY,KPI Selection I (Cross Channel),2025-28,,75783.0,
GERMANY,KPI Selection I (Cross Channel),2025-29,,80800.0,
GERMANY,KPI Selection I (Cross Channel),2025-30,,83425.0,
GERMANY,KPI Selection I (Cross Channel),2025-31,,80011.0,
GERMANY,KPI Selection I (Cross Channel),2025-32,,76315.0,
GERMANY,KPI Selection I (Cross Channel),2025-33,,70921.0,
GERMANY,KPI Selection I (Cross Channel),2025-34,,65383.0,
GERMANY,KPI Selection I (Cross Channel),2025-35,,61953.0,
GERMANY,KPI Selection I (Cross Channel),2025-36,,73199.0,
GERMANY,KPI Selection I (Cross Channel),2025-37,,82646.0,
GERMANY,KPI Selection I (Cross Channel),2025-38,,73288.0,
GERMANY,KPI Selection I (Cross Channel),2025-39,,75232.0,
GERMANY,KPI Selection I (Cross Channel),2025-40,,79693.0,
GERMANY,KPI Selection I (Cross Channel),2025-41,,78189.0,
GERMANY,KPI Selection I (Cross Channel),2025-42,,79692.0,
GERMANY,KPI Selection I (Cross Channel),2025-43,,82525.0,
GERMANY,KPI Selection I (Cross Channel),2025-44,,87513.0,
GERMANY,KPI Selection I (Cross Channel),2025-45,,105873.0,
GERMANY,KPI Selection I (Cross Channel),2025-46,,117752.0,
GERMANY,KPI Selection I (Cross Channel),2025-47,,118573.0,
GERMANY,KPI Selection I (Cross Channel),2025-48,,105859.0,
GERMANY,KPI Selection I (Cross Channel),2025-49,,118320.0,
GERMANY,KPI Selection I (Cross Channel),2025-50,,125667.0,
GERMANY,KPI Selection I (Cross Channel),2025-51,,177215.0,
GERMANY,KPI Selection I (Cross Channel),2025-52,,205850.0,
GERMANY,KPI Selection I (Cross Channel),2026-01,,74924.0,
GERMANY,KPI Selection I_YOY (Cross Channel),2025-01,,2641.0,
GERMANY,KPI Selection I_YOY (Cross Channel),2025-02,,3734.0,
GERMANY,KPI Selection I_YOY (Cross Channel),2025-03,,4172.0,
GERMANY,KPI Selection I_YOY (Cross Channel),2025-04,,4720.0,
GERMANY,KPI Selection I_YOY (Cross Channel),2025-05,,4458.0,
GERMANY,KPI Selection I_YOY (Cross Channel),2025-06,,4043.0,
GERMANY,KPI Selection I_YOY (Cross Channel),2025-07,,3289.0,
GERMANY,KPI Selection I_YOY (Cross Channel),2025-08,,3334.0,
GERMANY,KPI Selection I_YOY (Cross Channel),2025-09,,11362.0,
GERMANY,KPI Selection I_YOY (Cross Channel),2025-10,,26550.0,
GERMANY,KPI Selection I_YOY (Cross Channel),2025-11,,33431.0,
GERMANY,KPI Selection I_YOY (Cross Channel),2025-12,,31826.0,
GERMANY,KPI Selection I_YOY (Cross Channel),2025-13,,25432.0,
GERMANY,KPI Selection I_YOY (Cross Channel),2025-14,,24676.0,
GERMANY,KPI Selection I_YOY (Cross Channel),2025-15,,23437.0,
GERMANY,KPI Selection I_YOY (Cross Channel),2025-16,,28436.0,
GERMANY,KPI Selection I_YOY (Cross Channel),2025-17,,37120.0,
GERMANY,KPI Selection I_YOY (Cross Channel),2025-18,,38226.0,
GERMANY,KPI Selection I_YOY (Cross Channel),2025-19,,38489.0,
GERMANY,KPI Selection I_YOY (Cross Channel),2025-20,,40208.0,
GERMANY,KPI Selection I_YOY (Cross Channel),2025-21,,36890.0,
GERMANY,KPI Selection I_YOY (Cross Channel),2025-22,,46796.0,
GERMANY,KPI Selection I_YOY (Cross Channel),2025-23,,41997.0,
GERMANY,KPI Selection I_YOY (Cross Channel),2025-24,,39623.0,
GERMANY,KPI Selection I_YOY (Cross Channel),2025-25,,36600.0,
GERMANY,KPI Selection I_YOY (Cross Channel),2025-26,,36248.0,
GERMANY,KPI Selection I_YOY (Cross Channel),2025-27,,37485.0,
GERMANY,KPI Selection I_YOY (Cross Channel),2025-28,,39319.0,
GERMANY,KPI Selection I_YOY (Cross Channel),2025-29,,37352.0,
GERMANY,KPI Selection I_YOY (Cross Channel),2025-30,,32621.0,
GERMANY,KPI Selection I_YOY (Cross Channel),2025-31,,29379.0,
GERMANY,KPI Selection I_YOY (Cross Channel),2025-32,,31444.0,
GERMANY,KPI Selection I_YOY (Cross Channel),2025-33,,33061.0,
GERMANY,KPI Selection I_YOY (Cross Channel),2025-34,,34617.0,
GERMANY,KPI Selection I_YOY (Cross Channel),2025-35,,29154.0,
GERMANY,KPI Selection I_YOY (Cross Channel),2025-36,,32534.0,
GERMANY,KPI Selection I_YOY (Cross Channel),2025-37,,32990.0,
GERMANY,KPI Selection I_YOY (Cross Channel),2025-38,,31954.0,
GERMANY,KPI Selection I_YOY (Cross Channel),2025-39,,34254.0,
GERMANY,KPI Selection I_YOY (Cross Channel),2025-40,,35698.0,
GERMANY,KPI Selection I_YOY (Cross Channel),2025-41,,33584.0,
GERMANY,KPI Selection I_YOY (Cross Channel),2025-42,,37940.0,
GERMANY,KPI Selection I_YOY (Cross Channel),2025-43,,40068.0,
GERMANY,KPI Selection I_YOY (Cross Channel),2025-44,,39597.0,
GERMANY,KPI Selection I_YOY (Cross Channel),2025-45,,38556.0,
GERMANY,KPI Selection I_YOY (Cross Channel),2025-46,,45772.0,
GERMANY,KPI Selection I_YOY (Cross Channel),2025-47,,49823.0,
GERMANY,KPI Selection I_YOY (Cross Channel),2025-48,,43195.0,
GERMANY,KPI Selection I_YOY (Cross Channel),2025-49,,45536.0,
GERMANY,KPI Selection I_YOY (Cross Channel),2025-50,,53552.0,
GERMANY,KPI Selection I_YOY (Cross Channel),2025-51,,52185.0,
GERMANY,KPI Selection I_YOY (Cross Channel),2025-52,,57731.0,
GERMANY,KPI Selection I_YOY (Cross Channel),2026-01,,20909.0,
KOREA,KPI Selection I (Cross Channel),2025-01,,330.0,
KOREA,KPI Selection I (Cross Channel),2025-02,,414.0,
KOREA,KPI Selection I (Cross Channel),2025-03,,434.0,
KOREA,KPI Selection I (Cross Channel),2025-04,,402.0,
KOREA,KPI Selection I (Cross Channel),2025-05,,371.0,
KOREA,KPI Selection I (Cross Channel),2025-06,,331.0,
KOREA,KPI Selection I (Cross Channel),2025-07,,4144.0,
KOREA,KPI Selection I (Cross Channel),2025-08,,7649.0,
KOREA,KPI Selection I (Cross Channel),2025-09,,9622.0,
KOREA,KPI Selection I (Cross Channel),2025-10,,10194.0,
KOREA,KPI Selection I (Cross Channel),2025-11,,8000.0,
KOREA,KPI Selection I (Cross Channel),2025-12,,1358.0,
KOREA,KPI Selection I (Cross Channel),2025-13,,1023.0,
KOREA,KPI Selection I (Cross Channel),2025-14,,3134.0,
KOREA,KPI Selection I (Cross Channel),2025-15,,3804.0,
KOREA,KPI Selection I (Cross Channel),2025-16,,3306.0,
KOREA,KPI Selection I (Cross Channel),2025-17,,1581.0,
KOREA,KPI Selection I (Cross Channel),2025-18,,601.0,
KOREA,KPI Selection I (Cross Channel),2025-19,,577.0,
KOREA,KPI Selection I (Cross Channel),2025-20,,2115.0,
KOREA,KPI Selection I (Cross Channel),2025-21,,7384.0,
KOREA,KPI Selection I (Cross Channel),2025-22,,8617.0,
KOREA,KPI Selection I (Cross Channel),2025-23,,8698.0,
KOREA,KPI Selection I (Cross Channel),2025-24,,9129.0,
KOREA,KPI Selection I (Cross Channel),2025-25,,9562.0,
KOREA,KPI Selection I (Cross Channel),2025-26,,8852.0,
KOREA,KPI Selection I (Cross Channel),2025-27,,8926.0,
KOREA,KPI Selection I (Cross Channel),2025-28,,8826.0,
KOREA,KPI Selection I (Cross Channel),2025-29,,9558.0,
KOREA,KPI Selection I (Cross Channel),2025-30,,11864.0,
KOREA,KPI Selection I (Cross Channel),2025-31,,7470.0,
KOREA,KPI Selection I (Cross Channel),2025-32,,2166.0,
KOREA,KPI Selection I (Cross Channel),2025-33,,1702.0,
KOREA,KPI Selection I (Cross Channel),2025-34,,1730.0,
KOREA,KPI Selection I (Cross Channel),2025-35,,8000.0,
KOREA,KPI Selection I (Cross Channel),2025-36,,8717.0,
KOREA,KPI Selection I (Cross Channel),2025-37,,9695.0,
KOREA,KPI Selection I (Cross Channel),2025-38,,8430.0,
KOREA,KPI Selection I (Cross Channel),2025-39,,8717.0,
KOREA,KPI Selection I (Cross Channel),2025-40,,16894.0,
KOREA,KPI Selection I (Cross Channel),2025-41,,18919.0,
KOREA,KPI Selection I (Cross Channel),2025-42,,18131.0,
KOREA,KPI Selection I (Cross Channel),2025-43,,17480.0,
KOREA,KPI Selection I (Cross Channel),2025-44,,10090.0,
KOREA,KPI Selection I (Cross Channel),2025-45,,10537.0,
KOREA,KPI Selection I (Cross Channel),2025-46,,10415.0,
KOREA,KPI Selection I (Cross Channel),2025-47,,8844.0,
KOREA,KPI Selection I (Cross Channel),2025-48,,5610.0,
KOREA,KPI Selection I (Cross Channel),2025-49,,7266.0,
KOREA,KPI Selection I (Cross Channel),2025-50,,11656.0,
KOREA,KPI Selection I (Cross Channel),2025-51,,12105.0,
KOREA,KPI Selection I (Cross Channel),2025-52,,13207.0,
KOREA,KPI Selection I (Cross Channel),2026-01,,5495.0,
KOREA,KPI Selection I_YOY (Cross Channel),2025-01,,3952.0,
KOREA,KPI Selection I_YOY (Cross Channel),2025-02,,7003.0,
KOREA,KPI Selection I_YOY (Cross Channel),2025-03,,6800.0,
KOREA,KPI Selection I_YOY (Cross Channel),2025-04,,7311.0,
KOREA,KPI Selection I_YOY (Cross Channel),2025-05,,7556.0,
KOREA,KPI Selection I_YOY (Cross Channel),2025-06,,6372.0,
KOREA,KPI Selection I_YOY (Cross Channel),2025-07,,6961.0,
KOREA,KPI Selection I_YOY (Cross Channel),2025-08,,7651.0,
KOREA,KPI Selection I_YOY (Cross Channel),2025-09,,6559.0,
KOREA,KPI Selection I_YOY (Cross Channel),2025-10,,1100.0,
KOREA,KPI Selection I_YOY (Cross Channel),2025-11,,922.0,
KOREA,KPI Selection I_YOY (Cross Channel),2025-12,,782.0,
KOREA,KPI Selection I_YOY (Cross Channel),2025-13,,689.0,
KOREA,KPI Selection I_YOY (Cross Channel),2025-14,,800.0,
KOREA,KPI Selection I_YOY (Cross Channel),2025-15,,640.0,
KOREA,KPI Selection I_YOY (Cross Channel),2025-16,,608.0,
KOREA,KPI Selection I_YOY (Cross Channel),2025-17,,779.0,
KOREA,KPI Selection I_YOY (Cross Channel),2025-18,,1276.0,
KOREA,KPI Selection I_YOY (Cross Channel),2025-19,,2157.0,
KOREA,KPI Selection I_YOY (Cross Channel),2025-20,,1899.0,
KOREA,KPI Selection I_YOY (Cross Channel),2025-21,,1687.0,
KOREA,KPI Selection I_YOY (Cross Channel),2025-22,,1515.0,
KOREA,KPI Selection I_YOY (Cross Channel),2025-23,,508.0,
KOREA,KPI Selection I_YOY (Cross Channel),2025-24,,569.0,
KOREA,KPI Selection I_YOY (Cross Channel),2025-25,,529.0,
KOREA,KPI Selection I_YOY (Cross Channel),2025-26,,517.0,
KOREA,KPI Selection I_YOY (Cross Channel),2025-27,,426.0,
KOREA,KPI Selection I_YOY (Cross Channel),2025-28,,473.0,
KOREA,KPI Selection I_YOY (Cross Channel),2025-29,,1511.0,
KOREA,KPI Selection I_YOY (Cross Channel),2025-30,,1752.0,
KOREA,KPI Selection I_YOY (Cross Channel),2025-31,,1443.0,
KOREA,KPI Selection I_YOY (Cross Channel),2025-32,,1228.0,
KOREA,KPI Selection I_YOY (Cross Channel),2025-33,,1064.0,
KOREA,KPI Selection I_YOY (Cross Channel),2025-34,,2947.0,
KOREA,KPI Selection I_YOY (Cross Channel),2025-35,,3349.0,
KOREA,KPI Selection I_YOY (Cross Channel),2025-36,,2621.0,
KOREA,KPI Selection I_YOY (Cross Channel),2025-37,,2401.0,
KOREA,KPI Selection I_YOY (Cross Channel),2025-38,,2142.0,
KOREA,KPI Selection I_YOY (Cross Channel),2025-39,,1453.0,
KOREA,KPI Selection I_YOY (Cross Channel),2025-40,,2068.0,
KOREA,KPI Selection I_YOY (Cross Channel),2025-41,,1893.0,
KOREA,KPI Selection I_YOY (Cross Channel),2025-42,,2060.0,
KOREA,KPI Selection I_YOY (Cross Channel),2025-43,,1678.0,
KOREA,KPI Selection I_YOY (Cross Channel),2025-44,,501.0,
KOREA,KPI Selection I_YOY (Cross Channel),2025-45,,474.0,
KOREA,KPI Selection I_YOY (Cross Channel),2025-46,,505.0,
KOREA,KPI Selection I_YOY (Cross Channel),2025-47,,428.0,
KOREA,KPI Selection I_YOY (Cross Channel),2025-48,,369.0,
KOREA,KPI Selection I_YOY (Cross Channel),2025-49,,396.0,
KOREA,KPI Selection I_YOY (Cross Channel),2025-50,,4255.0,
KOREA,KPI Selection I_YOY (Cross Channel),2025-51,,6635.0,
KOREA,KPI Selection I_YOY (Cross Channel),2025-52,,6279.0,
KOREA,KPI Selection I_YOY (Cross Channel),2026-01,,2309.0,
UK,KPI Selection I (Cross Channel),2025-01,,7201.0,
UK,KPI Selection I (Cross Channel),2025-02,,9609.0,
UK,KPI Selection I (Cross Channel),2025-03,,9731.0,
UK,KPI Selection I (Cross Channel),2025-04,,11254.0,
UK,KPI Selection I (Cross Channel),2025-05,,10765.0,
UK,KPI Selection I (Cross Channel),2025-06,,11179.0,
UK,KPI Selection I (Cross Channel),2025-07,,11642.0,
UK,KPI Selection I (Cross Channel),2025-08,,10902.0,
UK,KPI Selection I (Cross Channel),2025-09,,6851.0,
UK,KPI Selection I (Cross Channel),2025-10,,8707.0,
UK,KPI Selection I (Cross Channel),2025-11,,13096.0,
UK,KPI Selection I (Cross Channel),2025-12,,16837.0,
UK,KPI Selection I (Cross Channel),2025-13,,17468.0,
UK,KPI Selection I (Cross Channel),2025-14,,15599.0,
UK,KPI Selection I (Cross Channel),2025-15,,16044.0,
UK,KPI Selection I (Cross Channel),2025-16,,13939.0,
UK,KPI Selection I (Cross Channel),2025-17,,14298.0,
UK,KPI Selection I (Cross Channel),2025-18,,14885.0,
UK,KPI Selection I (Cross Channel),2025-19,,16640.0,
UK,KPI Selection I (Cross Channel),2025-20,,19032.0,
UK,KPI Selection I (Cross Channel),2025-21,,18209.0,
UK,KPI Selection I (Cross Channel),2025-22,,16099.0,
UK,KPI Selection I (Cross Channel),2025-23,,19928.0,
UK,KPI Selection I (Cross Channel),2025-24,,21264.0,
UK,KPI Selection I (Cross Channel),2025-25,,22771.0,
UK,KPI Selection I (Cross Channel),2025-26,,22753.0,
UK,KPI Selection I (Cross Channel),2025-27,,22105.0,
UK,KPI Selection I (Cross Channel),2025-28,,22112.0,
UK,KPI Selection I (Cross Channel),2025-29,,22719.0,
UK,KPI Selection I (Cross Channel),2025-30,,23907.0,
UK,KPI Selection I (Cross Channel),2025-31,,20536.0,
UK,KPI Selection I (Cross Channel),2025-32,,20603.0,
UK,KPI Selection I (Cross Channel),2025-33,,11565.0,
UK,KPI Selection I (Cross Channel),2025-34,,28699.0,
UK,KPI Selection I (Cross Channel),2025-35,,28019.0,
UK,KPI Selection I (Cross Channel),2025-36,,27075.0,
UK,KPI Selection I (Cross Channel),2025-37,,30509.0,
UK,KPI Selection I (Cross Channel),2025-38,,26897.0,
UK,KPI Selection I (Cross Channel),2025-39,,28328.0,
UK,KPI Selection I (Cross Channel),2025-40,,19894.0,
UK,KPI Selection I (Cross Channel),2025-41,,18853.0,
UK,KPI Selection I (Cross Channel),2025-42,,25561.0,
UK,KPI Selection I (Cross Channel),2025-43,,26539.0,
UK,KPI Selection I (Cross Channel),2025-44,,34606.0,
UK,KPI Selection I (Cross Channel),2025-45,,47410.0,
UK,KPI Selection I (Cross Channel),2025-46,,58704.0,
UK,KPI Selection I (Cross Channel),2025-47,,58852.0,
UK,KPI Selection I (Cross Channel),2025-48,,50236.0,
UK,KPI Selection I (Cross Channel),2025-49,,56564.0,
UK,KPI Selection I (Cross Channel),2025-50,,60335.0,
UK,KPI Selection I (Cross Channel),2025-51,,56485.0,
UK,KPI Selection I (Cross Channel),2025-52,,60851.0,
UK,KPI Selection I (Cross Channel),2026-01,,25016.0,
UK,KPI Selection I_YOY (Cross Channel),2025-01,,1700.0,
UK,KPI Selection I_YOY (Cross Channel),2025-02,,2168.0,
UK,KPI Selection I_YOY (Cross Channel),2025-03,,2121.0,
UK,KPI Selection I_YOY (Cross Channel),2025-04,,2569.0,
UK,KPI Selection I_YOY (Cross Channel),2025-05,,2638.0,
UK,KPI Selection I_YOY (Cross Channel),2025-06,,2446.0,
UK,KPI Selection I_YOY (Cross Channel),2025-07,,1890.0,
UK,KPI Selection I_YOY (Cross Channel),2025-08,,2041.0,
UK,KPI Selection I_YOY (Cross Channel),2025-09,,2516.0,
UK,KPI Selection I_YOY (Cross Channel),2025-10,,2145.0,
UK,KPI Selection I_YOY (Cross Channel),2025-11,,2444.0,
UK,KPI Selection I_YOY (Cross Channel),2025-12,,2047.0,
UK,KPI Selection I_YOY (Cross Channel),2025-13,,2160.0,
UK,KPI Selection I_YOY (Cross Channel),2025-14,,2455.0,
UK,KPI Selection I_YOY (Cross Channel),2025-15,,2068.0,
UK,KPI Selection I_YOY (Cross Channel),2025-16,,2298.0,
UK,KPI Selection I_YOY (Cross Channel),2025-17,,1964.0,
UK,KPI Selection I_YOY (Cross Channel),2025-18,,1517.0,
UK,KPI Selection I_YOY (Cross Channel),2025-19,,1375.0,
UK,KPI Selection I_YOY (Cross Channel),2025-20,,1967.0,
UK,KPI Selection I_YOY (Cross Channel),2025-21,,1639.0,
UK,KPI Selection I_YOY (Cross Channel),2025-22,,1546.0,
UK,KPI Selection I_YOY (Cross Channel),2025-23,,1760.0,
UK,KPI Selection I_YOY (Cross Channel),2025-24,,1852.0,
UK,KPI Selection I_YOY (Cross Channel),2025-25,,1771.0,
UK,KPI Selection I_YOY (Cross Channel),2025-26,,1541.0,
UK,KPI Selection I_YOY (Cross Channel),2025-27,,1487.0,
UK,KPI Selection I_YOY (Cross Channel),2025-28,,2035.0,
UK,KPI Selection I_YOY (Cross Channel),2025-29,,2071.0,
UK,KPI Selection I_YOY (Cross Channel),2025-30,,1971.0,
UK,KPI Selection I_YOY (Cross Channel),2025-31,,1886.0,
UK,KPI Selection I_YOY (Cross Channel),2025-32,,1915.0,
UK,KPI Selection I_YOY (Cross Channel),2025-33,,1640.0,
UK,KPI Selection I_YOY (Cross Channel),2025-34,,1646.0,
UK,KPI Selection I_YOY (Cross Channel),2025-35,,1767.0,
UK,KPI Selection I_YOY (Cross Channel),2025-36,,1580.0,
UK,KPI Selection I_YOY (Cross Channel),2025-37,,1645.0,
UK,KPI Selection I_YOY (Cross Channel),2025-38,,2343.0,
UK,KPI Selection I_YOY (Cross Channel),2025-39,,7979.0,
UK,KPI Selection I_YOY (Cross Channel),2025-40,,8609.0,
UK,KPI Selection I_YOY (Cross Channel),2025-41,,9538.0,
UK,KPI Selection I_YOY (Cross Channel),2025-42,,10665.0,
UK,KPI Selection I_YOY (Cross Channel),2025-43,,11839.0,
UK,KPI Selection I_YOY (Cross Channel),2025-44,,14010.0,
UK,KPI Selection I_YOY (Cross Channel),2025-45,,13345.0,
UK,KPI Selection I_YOY (Cross Channel),2025-46,,12034.0,
UK,KPI Selection I_YOY (Cross Channel),2025-47,,12090.0,
UK,KPI Selection I_YOY (Cross Channel),2025-48,,13993.0,
UK,KPI Selection I_YOY (Cross Channel),2025-49,,15636.0,
UK,KPI Selection I_YOY (Cross Channel),2025-50,,40793.0,
UK,KPI Selection I_YOY (Cross Channel),2025-51,,56114.0,
UK,KPI Selection I_YOY (Cross Channel),2025-52,,62389.0,
UK,KPI Selection I_YOY (Cross Channel),2026-01,,21770.0,
